{
    "accuracy": 0.9811659192825112,
    "precision": 0.9923664122137404,
    "recall": 0.8666666666666667,
    "f1": 0.9252669039145908,
    "report": {
        "Legitimate": {
            "precision": 0.9796747967479674,
            "recall": 0.9989637305699481,
            "f1-score": 0.9892252437147255,
            "support": 965.0
        },
        "Phishing": {
            "precision": 0.9923664122137404,
            "recall": 0.8666666666666667,
            "f1-score": 0.9252669039145908,
            "support": 150.0
        },
        "accuracy": 0.9811659192825112,
        "macro avg": {
            "precision": 0.9860206044808539,
            "recall": 0.9328151986183074,
            "f1-score": 0.9572460738146582,
            "support": 1115.0
        },
        "weighted avg": {
            "precision": 0.9813821889630939,
            "recall": 0.9811659192825112,
            "f1-score": 0.980620982755066,
            "support": 1115.0
        }
    },
    "confusion_matrix": [
        [
            964,
            1
        ],
        [
            20,
            130
        ]
    ],
    "timestamp": "20250524_121723",
    "train_size": 4457,
    "test_size": 1115
}